{
  "project_info": {
    "project_number": "224257786134",
    "firebase_url": "https://situgas-6ddee-default-rtdb.firebaseio.com",
    "project_id": "situgas-6ddee",
    "storage_bucket": "situgas-6ddee.firebasestorage.app"
  },
  "client": [
    {
      "client_info": {
        "mobilesdk_app_id": "1:224257786134:android:52950cdb492600f0419037",
        "android_client_info": {
          "package_name": "com.f52123075.situgas"
        }
      },
      "oauth_client": [],
      "api_key": [
        {
          "current_key": "AIzaSyCaheZ3bQob0i5hBjiG2TuuPIaOf0wcOZQ"
        }
      ],
      "services": {
        "appinvite_service": {
          "other_platform_oauth_client": []
        }
      }
    }
  ],
  "configuration_version": "1"
}